V1,V2,V3,V4,V5,V6,V7,V8,V9,V10,V11,V12,V13,V14,V15,V16,V17,V18,V19,V20,V21,V22,V23,V24,V25,V26,V27,V28,V29,V30,V31,V32,V33,V34,V35,V36,V37,V38,V39,V40,V41,V42,V43,V44,V45,V46,V47,V48,V49,V50
8538.02895361758,8357.11987885793,8172.17861756608,7983.36313954446,7790.85871899845,7615.36282990346,7436.520270796,7266.91787222752,7190.48726431334,7035.09102240507,6875.75466975611,6799.30950142578,6647.32128397195,6499.23424865208,6432.81336461004,6284.21223523902,6231.78415096913,6103.96648900794,6051.38655717157,5919.02642050632,5866.35360895789,5816.74522566316,5698.19987130581,5653.60694817428,5531.87766692734,5491.00787111251,5452.18581767834,5368.27206032453,5349.22775409831,5330.28192776273,5268.14223792234,5249.05781342086,5231.0682299934,5212.08298558651,5148.84003644778,5129.6464573421,5122.37975737895,5122.27974430246,5122.17973277531,5122.07972279751,5121.97971436904,5121.8797074899,5121.77970216007,5121.67969837955,5121.57969614833,5121.4796954664,5121.37969633375,5121.27969875037,5121.17970271625,5121.07970823139
8704.8290945047,8513.21265767394,8332.85888427599,8148.38991279891,7959.96990646149,7776.81468898309,7601.94520894039,7510.79344184507,7343.26923387032,7191.90446554052,7036.362479335,6962.03448395455,6802.09530984417,6736.75982275359,6591.83826256081,6527.95061976672,6379.62705496295,6325.30407466929,6200.64951634433,6150.24919259575,6020.80964623359,5970.23621169467,5842.69168847487,5799.83894605162,5758.24227213686,5639.36429509532,5600.49091423885,5557.90517413066,5438.04799655892,5412.14861372355,5394.21154778751,5333.99856523888,5315.7839720783,5297.78514699926,5235.28632739402,5216.91391295868,5201.27426633263,5183.11712652412,5125.8861296067,5125.83852295436,5125.79091657659,5125.7433104734,5125.69570464477,5125.64809909072,5125.60049381124,5125.55288880633,5125.50528407599,5125.45767962021,5125.41007543901,5125.36247153237
8872.259451022,8667.68750569256,8492.12441707407,8312.22086103087,8128.11909631773,7939.98956218367,7848.62014683939,7677.59812742065,7502.50058899709,7347.30480522132,7275.66640118972,7123.65557338051,6967.42524356622,6895.4914185258,6749.78830405813,6687.77156730844,6542.05695639669,6481.13359544209,6348.29361442767,6299.72142939355,6173.96202002179,6125.13157302826,6076.64184520953,5945.47461847815,5904.41305728498,5787.740718206,5746.38441342294,5707.86430095979,5588.83585965314,5547.52306404751,5512.50828523719,5479.78873762892,5399.63006767867,5382.38791067653,5365.22571453436,5303.62029728271,5286.17797972169,5270.02880178542,5252.76601168531,5189.94356042385,5172.44441761401,5159.574092695,5142.28948889983,5131.64608734089,5128.05048368138,5128.0348249181,5128.01916616807,5128.0035074313,5127.98784870778,5127.97218999752
9038.41445834205,8837.07103390894,8649.76792790834,8474.6418233319,8295.08603623409,8197.36081772072,8013.25294981913,7843.19407618858,7672.19686474614,7586.44624243111,7431.72410972607,7283.91457228387,7214.61631246753,7061.83522116443,6992.63288916577,6846.3096204318,6786.80097598298,6644.21146201502,6584.75494865892,6447.32966926426,6400.92323096062,6278.47376956956,6231.74651386511,6104.18800719336,6057.18236483021,6010.49517812157,5896.01617768095,5857.68169186978,5818.4246721268,5700.81095441081,5665.60316365981,5626.31380619753,5517.59470747532,5487.97016904295,5458.48149138139,5432.3749592651,5372.69188301836,5356.31182181211,5339.87239007253,5324.771028744,5261.08646234967,5247.31981841849,5230.78697081391,5214.33113242819,5202.74319064939,5134.80984505709,5129.12994564034,5129.1284064536,5129.12686726686,5129.12532808012
9281.91813346233,9089.18149175772,8892.57396997733,8711.42116544629,8540.83038052109,8365.62999451968,8185.95430586808,8007.34001467861,7924.45494993607,7757.34603161055,7585.92243275112,7519.48049892373,7375.50234546087,7226.86968138201,7159.80126032186,7006.1277609713,6945.71193538454,6807.11432898359,6749.49010103279,6605.94397913889,6549.35377949627,6429.94775698875,6385.03015254398,6340.38696113736,6216.09035915987,6171.10632860149,6126.40738882324,6006.95060813919,5969.30310871081,5933.08622752266,5818.7127217462,5780.91982172638,5747.91249420028,5626.51630182845,5598.4873577487,5570.5768713504,5542.784399494,5442.26576409876,5425.97380152386,5410.44118213266,5395.1146016425,5333.48025426824,5319.03009897986,5303.34461464938,5290.75385107006,5275.22930895571,5209.17322444711,5198.34263579734,5182.65022760121,5174.2016431348
9542.85105008765,9341.27624985885,9150.57735870275,8955.24993650673,8786.63082245959,8617.06273165901,8442.65819290141,8263.55506961225,8173.04046723222,8010.91095983633,7844.04366476539,7764.60827930852,7614.969732907,7551.88048174734,7407.32293055323,7257.92358367163,7194.01642043466,7047.43557310674,6992.83408876729,6938.60900512278,6798.44548747642,6745.15942022189,6611.63780843834,6569.74524829339,6528.08307415641,6407.27575647791,6365.16533352303,6238.78035456673,6196.25466873512,6158.19244592721,6123.39157648593,6010.82406374003,5975.5555803393,5943.41353668182,5828.12771379938,5792.66333778703,5764.27986896503,5729.25304550383,5630.96254361669,5604.92807793075,5578.9948374114,5553.16247540066,5449.52088217329,5434.83731544329,5420.40140177175,5407.42387941614,5393.10997020774,5332.04536839569,5317.4419838581,5302.8966290509
9714.7839639263,9510.19363588371,9320.46870801683,9130.2416545369,8946.59157050601,8782.21833914075,8612.79822134602,8525.06427349622,8350.17210805913,8179.08621266922,8102.70517582183,7939.82734686462,7772.15572391257,7711.28289579761,7571.3998859911,7510.36484831059,7364.7289207172,7303.46250125943,7154.38404967854,7102.21709167989,6966.1982728697,6913.82024688114,6861.66229001385,6720.65145230421,6680.47178631086,6564.11834754994,6523.8111802651,6483.71807791023,6360.82828593577,6320.26841361733,6279.93263303635,6164.43328246034,6130.78155013553,6098.62631646959,6065.30780634131,5951.71704638335,5917.93752661626,5889.35951583047,5855.95850527026,5749.01710345448,5724.52120745466,5700.11237560624,5675.79033626233,5575.53279043636,5550.67484286555,5526.27394734012,5501.60443178731,5477.02699900071,5457.04974869549,5394.69620893086
9884.91431439208,9685.76849148984,9488.45045130867,9303.54417779696,9113.68278519669,9020.55643907094,8860.92700889376,8696.07455368697,8526.09748288718,8351.12472965115,8271.44877393051,8113.35113594047,8039.47660586879,7875.71929366972,7733.26363760654,7674.51622545169,7533.54097466359,7474.4716117551,7327.64334705143,7268.30161622692,7213.76413159109,7081.57388500884,7031.40366132115,6893.50856805428,6844.25505130131,6794.06194234701,6679.88782920982,6641.60678379802,6603.51439441916,6484.370922586,6445.76882195603,6407.36470623904,6284.42084425947,6252.71591293729,6221.00457981816,6190.83128955802,6077.89517648616,6048.99151728661,6017.08708430478,5990.59703330885,5870.3877502008,5845.67605424895,5820.7383350587,5797.91664844128,5775.16891512433,5678.33308113561,5655.04104152382,5631.82822741974,5609.0784353339,5586.02678297002
10129.827645873,9859.5352620779,9660.97932269005,9474.92171322018,9375.30729370961,9190.24249698311,9024.45800349161,8864.97049772743,8700.15036464952,8618.03212479011,8447.35498339157,8284.89064180528,8213.52156947168,8054.50072732091,7983.017795693,7836.18799476804,7780.1173398428,7643.30771041622,7586.85099239221,7443.94211937564,7387.13904790754,7247.1425984733,7199.00600702605,7151.15161317117,7016.91345586235,6968.7765232299,6833.02378127873,6796.58091107255,6760.30421722657,6645.88920280951,6609.05917195661,6572.40397346479,6535.92287009037,6413.88645863851,6376.88706369428,6344.86339841806,6315.19550998234,6207.69314339037,6177.33514109475,6150.42992489909,6120.35912794132,6003.86291150336,5978.73862231647,5948.32333751531,5925.9476783565,5897.81096545273,5805.34925048209,5783.52421237722,5761.76658725224,5740.07619352909
10382.3268869932,10200.7378469818,10013.685910119,9821.24827041923,9637.69050158482,9458.95124559224,9274.82815157491,9118.70699813068,9041.53807892671,8882.08129354761,8717.07058401515,8638.99923142255,8472.87140330455,8319.30845781286,8251.52102915832,8091.72518387206,8025.36431334554,7894.11804444088,7841.07161330465,7703.3133697412,7649.77715846269,7596.56597605202,7451.64974032805,7402.32314311406,7272.99508294557,7227.68742700214,7182.77853779801,7046.31187336723,7002.14882313652,6960.06325278372,6849.55580974842,6815.59143158704,6781.76988561176,6748.09064081966,6629.9810764937,6595.70322814926,6561.57600705045,6527.59882778976,6415.33560954307,6387.48351945558,6361.27528160685,6333.64597715103,6224.44568621653,6196.25732113003,6173.97357216341,6146.05508347645,6118.24554933691,6005.73045102134,5986.07658952852,5966.47476019041
10543.0779436612,10367.7163560245,10186.7229217726,10000.1477343618,9808.07427951195,9634.83806099245,9456.27093401067,9363.9931926904,9208.31789174935,9054.50913391816,8894.94454690874,8819.5913217756,8653.59001833428,8578.05477170609,8428.76858005456,8363.96363509271,8208.4469868452,8143.31558663593,8006.84023562392,7956.38126389179,7823.04059417321,7772.04220369999,7632.07104334579,7580.56095789357,7529.35362192852,7398.85625251204,7355.81735215157,7312.99787427075,7180.76256338769,7138.84238323908,7095.71521221955,6974.14879810809,6942.13519346132,6910.24532347766,6878.47876663723,6764.75023815037,6732.36124700073,6700.10311961591,6667.97538979648,6546.012405806,6519.36340823033,6493.31759653841,6467.36131969141,6360.68719003218,6334.13931062848,6311.37485032623,6285.0493776921,6264.9290322476,6147.71775724375,6120.94800556658
10700.9378825384,10531.9733039377,10357.2287959043,10176.7269755277,9990.52393308683,9808.24255172128,9719.7430176343,9546.22010270227,9372.11679115676,9224.17622697172,9152.4141955613,8997.7057397377,8837.12935443122,8764.24805967826,8603.36207698857,8541.08765334254,8390.86920075867,8328.18030104338,8171.36378858746,8121.18404628474,7993.3340589443,7944.58134537686,7896.08588248446,7760.53019054556,7711.4732948262,7662.68507681772,7525.87097651982,7485.07502501718,7357.83686486768,7316.43779100469,7275.40508890688,7235.93323500937,7100.36346755596,7068.50967053746,7038.52702163165,6930.24654688343,6899.61940514566,6869.10564391674,6838.70489423632,6721.90265854333,6690.86936078295,6659.95638846753,6629.16333130273,6601.70590503741,6498.19632947328,6473.29567797604,6450.16474935521,6425.44232507183,6404.68947960282,6291.99214703173
10855.9824027619,10693.2786834464,10524.9621647801,10350.7338619109,10170.6220553217,10072.8316722064,9893.52869091115,9725.96205118987,9552.49897315105,9466.25083950106,9321.85646666528,9173.03042183487,9103.69594316914,8947.9581514929,8878.25879281255,8715.72218152266,8655.9038421256,8510.40809277641,8450.57854019417,8298.23214117023,8237.96240220265,8113.80457612137,8067.54804408743,7937.50837896797,7890.63910665349,7844.0083851969,7706.11602361881,7658.90210674393,7615.04556660676,7492.46188969109,7453.24790757552,7414.21273935186,7375.52591322866,7244.32294245443,7206.44721720186,7170.81165660604,7062.87301211187,7034.11834965836,7005.46095659181,6976.90054459966,6864.86786184982,6835.65921958917,6806.55410655607,6777.55220109622,6748.65318244498,6636.0272860852,6612.95867141452,6589.77381918809,6566.6584631743,6545.39141291383
11106.2876769471,10917.0643243526,10759.1721366838,10596.6988455042,10428.1691316852,10253.5929649406,10073.0142800789,9902.93379651018,9820.49088311361,9652.20831288886,9487.96874860793,9422.27232337258,9278.68827711547,9128.85027519733,9061.84119471213,8904.946181456,8837.52594318478,8689.63726660575,8632.28733509107,8485.49756980524,8427.63302188614,8279.33340926087,8235.33023758459,8191.52722635358,8066.43830648856,8021.99405623319,7977.75968176442,7844.56603785429,7799.70869729019,7755.07156512795,7627.65425628061,7590.60159393541,7553.70518303504,7427.98476608001,7390.62208113775,7353.25026544675,7317.69788734484,7194.65580422937,7167.74726806034,7140.92163361909,7114.17867783336,7007.2713988225,6979.87362622586,6952.56432278525,6925.34323893613,6898.21012573836,6781.57485895367,6753.79535430991,6729.18516532065,6707.86828701627
11368.0011574304,11186.9040003334,11009.1154123318,10854.789211042,10694.1627995085,10527.212946458,10353.9505117549,10174.4210647792,10092.602456163,9931.39925543379,9763.85492881021,9684.91680490765,9542.7369456402,9480.83559197182,9336.96583607997,9186.5747550066,9123.17388505656,8965.39781450537,8903.73306377312,8850.50248656216,8709.09972705313,8655.24248273355,8506.42310470718,8451.96039473018,8406.28695173063,8286.82259753559,8245.92341577954,8118.81765991492,8077.20416278417,8035.77209917921,7994.5207694578,7858.05548274764,7817.8784206455,7784.1275405715,7663.51713470312,7629.06068939149,7594.92402113571,7560.73678076019,7432.55636244861,7397.6952225991,7366.96037481879,7336.10240240516,7312.13241221211,7210.05355368408,7185.40392784584,7160.8228670347,7136.31020568225,7111.86577857396,6999.57802887651,6974.44918965002
11532.523262209,11358.3452657244,11177.9222762493,11015.977222207,10862.2079719732,10701.992618107,10535.3128710769,10448.9953287823,10274.9752019153,10111.4725856064,10036.4651866451,9874.30755997772,9710.37528320108,9651.25674681413,9513.837251514,9454.10039855319,9309.03141279448,9248.68425663221,9095.99833432499,9035.06090022332,8892.26451415106,8840.87901250468,8789.75352044737,8645.97005352583,8594.19464369666,8456.48502123297,8417.80066255468,8379.26554311275,8257.51887710667,8218.25429824629,8179.14746453515,8048.6696500717,8008.83794968395,7969.17316210901,7929.67467018196,7808.62463030352,7776.25631939455,7744.00357750726,7711.86601871984,7587.31469448128,7554.47047357413,7523.57048083852,7490.98745156409,7462.73037884259,7351.65943097908,7328.77405407265,7305.94603406205,7283.17524660652,7260.46156760354,7153.9233053016
11703.2645397609,11526.4841950526,11353.0206764254,11173.3325184376,11026.5785285158,10945.3490883521,10791.1587195919,10630.3513013728,10462.9232406036,10379.5490272065,10216.0863921485,10060.4489961091,9988.01283150604,9824.76664620153,9686.77513211596,9629.77863171594,9491.22294529339,9433.56834711378,9287.18205486453,9228.87693354151,9170.88897548276,9022.59582527525,8973.92720456436,8836.39220627147,8787.02836360513,8737.90539348932,8591.61285677582,8548.5794576185,8512.36212573185,8396.28911241862,8359.3373205805,8322.52194998269,8197.49104093063,8159.93460137387,8122.5228135561,8085.25518731685,7952.96546392732,7922.65536011011,7892.44438909852,7862.3322472903,7743.13235453263,7712.50522473486,7681.78316667872,7653.0705232645,7622.57550173601,7492.75282987846,7469.65374886815,7448.5446977018,7427.48313000672,7406.46895374339
11948.9579225341,11691.0797200539,11524.7409451295,11428.8731512836,11255.18047651,11109.0921804936,10961.9803188854,10808.1360365863,10647.5257419271,10567.3611963824,10399.0398933392,10243.0056377581,10173.5695714043,10016.8781659661,9946.90849977113,9801.17248106098,9747.16880723984,9614.42249189262,9559.73876052328,9418.96662531737,9363.5990304242,9214.80717802808,9158.76373554153,9107.77285284619,8975.85667196246,8929.13608521056,8882.62718781293,8741.70549335625,8694.49011206655,8647.49685470647,8534.60932091485,8499.9288498289,8465.36571078507,8346.13015747991,8310.82006387392,8275.63460496562,8240.57339487273,8111.25590136154,8075.44984396911,8039.77595385665,8011.35798695994,7898.09867666982,7869.26307175834,7840.51755143014,7812.07514892328,7783.51094442687,7661.34276715978,7632.07961143296,7602.9121218886,7578.44317198888
12212.5384372487,12040.7054792151,11862.2099033107,11698.7041220019,11533.6093116713,11363.4288080773,11224.9794827925,11079.5913086449,11005.4377295061,10852.0383893434,10691.5712414552,10615.8561961717,10454.1730173284,10305.1808045203,10239.7515292338,10082.5901116356,10016.5056418121,9887.17814039874,9836.6420255488,9703.40259885172,9652.08987433284,9601.00911503742,9458.36298960065,9406.51113745657,9257.24177463595,9214.22854848155,9171.38847873428,9037.44460241006,8993.81259639345,8950.36323049613,8806.9961733785,8765.24904026768,8733.95435367385,8702.75145661343,8589.99073066209,8558.00586225774,8526.11905863725,8494.33005753829,8371.04561609396,8338.46195733119,8305.98300446753,8273.60846392421,8145.75805504823,8119.87921403436,8094.0704087845,8068.33146078295,8042.66219194219,7924.8038668685,7898.38418040187,7872.03958309608
12374.8591874782,12210.5718034165,12039.5313063249,11866.2617876146,11708.5715053812,11543.9605080946,11387.0139851293,11317.0737106919,11178.1228838531,11032.0265565358,10960.5313644055,10806.2122702037,10644.6468309674,10571.5231428935,10426.9305429244,10364.8182713332,10213.5801149985,10150.7743908845,10010.4445230883,9962.78280235326,9835.74599136113,9787.30220011928,9651.68329023552,9602.4391951394,9553.4089690757,9408.1556146898,9358.3305052425,9314.87589415563,9187.0196753323,9145.94194478072,9105.02288446303,8967.49809023275,8925.77561185348,8884.22097723921,8843.11831894876,8736.9418243024,8707.13829588561,8677.41772247482,8647.77990331863,8530.90238391601,8500.47601110158,8470.13840598903,8439.88934337312,8312.17532074766,8281.1255208417,8250.17088977709,8225.14106394294,8201.37243081963,8089.95225017946,8065.44376470986
12533.0690742904,12376.4576145051,12213.0272842824,12042.6806414556,11879.4400154741,11722.3024560736,11637.8899164435,11477.5989050644,11346.2159825927,11207.6109666828,11139.3145902782,10992.3792204688,10923.4383125688,10768.0663976287,10609.6044185105,10550.4410308774,10406.413167407,10346.5170823335,10193.9275670295,10133.8887216806,10014.2984031098,9968.48011101133,9922.83893066853,9793.53965253301,9747.09274329841,9700.83216812402,9561.69236853748,9514.61874541144,9467.74147435781,9336.28772167911,9297.71761333416,9259.28466436257,9127.97354157737,9088.72930478167,9049.63041748786,8909.54339004795,8881.79981410483,8854.12607913009,8826.52203275468,8798.98752290383,8688.92493858141,8660.61848401617,8632.38672774267,8604.22949892922,8483.10717474226,8454.15387386691,8425.2808618072,8396.48794556355,8367.77493254594,8252.41231817965
12686.9373157315,12538.1164584853,12382.4358728718,12219.7674308995,12127.4959125331,11965.9706633841,11815.5230879996,11657.8594584117,11509.4135199958,11445.2471303188,11313.3497810978,11174.0067188757,11108.2125604464,10960.3091940495,10893.8250954911,10737.2690264041,10675.1987103886,10537.6186917291,10480.8989087294,10334.5671907552,10277.0880506419,10144.1168911488,10101.0539495126,9979.35381008523,9935.4823216344,9891.77295668598,9760.08218789081,9715.54367488327,9671.17625863384,9529.38560626685,9484.6563857383,9448.54099444717,9412.54356460105,9287.83027156539,9251.02485241377,9214.34462197872,9079.44817962861,9041.94372382711,9004.57236708521,8972.75964219611,8947.27251986745,8844.43704781458,8818.20497311274,8792.03527641076,8765.92782960731,8651.85088887376,8624.96283644119,8598.14196786958,8571.38813816261,8544.7012026003
12885.1453426006,12750.1875420893,12608.4686064934,12459.807351888,12304.0548985934,12141.0968524745,11988.6370736087,11838.7000843721,11760.721964321,11606.3578073933,11482.3083291327,11420.614144926,11288.080195142,11147.8744894141,11084.4898534844,10935.4913062617,10871.372681122,10723.6696926093,10669.8143143943,10531.0587465183,10476.4199129647,10422.0276491121,10273.2746534649,10232.888388516,10118.1117969324,10076.935091561,10035.8982910317,9910.99193608077,9869.13205704876,9827.4199721353,9692.20811072469,9649.65283211127,9607.25402267255,9480.95852525156,9446.43790844085,9412.02483049571,9377.7189785444,9249.58399824765,9214.45656054663,9179.44331822288,9144.54392423944,9109.75803254827,8996.73024092804,8972.51837848914,8948.35819912776,8924.24960790361,8817.67540240121,8792.81237186065,8768.00508342983,8743.25342955672
13120.2404418812,12995.3213292028,12863.5648497893,12724.7571343015,12578.7139121835,12425.2838010351,12264.3505874328,12186.1271596503,12044.6121733105,11895.4554628306,11744.9693066533,11688.2091314883,11564.9797114272,11507.4837332736,11375.3545002353,11317.0784731548,11175.84809481,11116.7599205139,10966.2946559386,10907.9586628494,10776.9179166823,10726.8908060006,10586.5171047246,10535.6226864684,10484.9401799019,10357.5781310249,10320.4528220798,10283.437225067,10166.3315379772,10128.466857188,10090.7185984646,9962.93860560578,9924.30601271273,9885.79732532564,9747.18481912753,9707.76912354626,9676.37904422799,9645.62611618901,9525.02057873521,9493.4214007866,9461.91153349134,9430.49074001977,9399.15878413067,9265.67872559975,9233.48332050794,9201.63323939254,9179.52836844488,9158.48159842901,9059.42210757201,9037.63384694748
13263.6687416607,13137.6815506682,13014.0713758483,12883.4364889477,12745.5654389849,12600.2768103123,12520.5881265223,12366.7062463412,12218.7317551398,12077.6646649558,12007.8117255729,11857.8524852448,11733.2559870902,11678.7968571918,11554.8796999808,11499.6466816944,11366.5646792753,11310.5128084803,11168.0760027429,11111.1724516073,10964.6678619941,10917.446729531,10870.4010939998,10737.0687306219,10689.1608026432,10546.2107013366,10497.4113175171,10459.4452074102,10350.817942169,10315.4146900594,10280.1106154314,10160.7263695212,10124.5517923211,10088.4828725603,10052.5193415729,9921.12832863187,9884.26595897295,9847.51618507537,9810.87870747459,9691.42862759662,9662.12658220616,9632.8997643985,9603.74799275239,9574.6710862579,9448.74566797827,9418.82069249745,9388.97623348459,9359.21208715214,9329.79145616159,9218.48303977291
13420.0711903721,13274.6340846093,13159.2338910835,13036.8546192765,12907.2618269259,12832.0616790376,12694.1122828057,12548.4914364709,12395.0638452318,12321.890548233,12188.1027299198,12046.3564152993,11979.1200138575,11843.9725797064,11728.4450818592,11676.2101817588,11551.4939549856,11498.4483024247,11364.2989412205,11310.3967654725,11256.7112010016,11111.8433704827,11057.3879327238,10932.4557186643,10887.301924865,10842.3086219196,10706.5528689593,10660.6733497207,10614.9630777309,10495.1189953727,10462.2152241361,10429.3952384651,10317.7876411038,10284.1301414346,10250.561925145,10217.0827866791,10093.3454329843,10058.9874633623,10024.7247723158,9990.55713051663,9854.40531448665,9827.20943636795,9800.20164860819,9773.25665846265,9746.37432865446,9628.82345524185,9601.12425840596,9573.4925412527,9545.92814890703,9518.43092682772
13617.9229185068,13484.4938623638,13298.8089102365,13228.565912456,13113.8098079779,12991.7855348864,12862.2687341709,12725.0610549344,12579.9955623883,12505.7339485714,12362.746271899,12229.408627816,12165.4619116725,12022.9109889754,11958.1974556043,11846.3869849472,11797.2642476804,11680.1495141613,11630.2465556348,11503.5950823766,11452.8547177896,11316.4426606815,11264.8192669544,11213.3944386645,11078.8571612444,11036.5617699124,10994.4048859144,10866.2267399072,10823.2011375911,10780.3216948423,10640.9545536062,10606.0207056056,10575.6003441755,10472.1648186547,10440.951058438,10409.8122711419,10378.7483009715,10263.10208401,10231.1909756496,10199.359933826,10167.6087847412,10039.3756129957,10006.7363542729,9974.1829193962,9941.71511310872,9912.36015869779,9804.7512103654,9779.21876076625,9753.74244130035,9728.3221355814
13863.3044291609,13733.5398827447,13603.6166534582,13465.4843758855,13358.7174135626,13247.141239286,13128.0043586327,13001.0779809876,12933.4165057391,12797.4627399327,12653.2731622506,12583.7962251211,12453.4400210394,12320.7941064466,12261.2190451001,12118.9236854302,12067.5619853116,11960.5346889908,11915.2663136362,11798.5510142117,11752.4204549848,11706.4401946955,11578.67513196,11531.7800397713,11393.7558956409,11345.8973046962,11298.2066202069,11175.6567183172,11136.7905657317,11098.0398274751,10968.1326375053,10928.4443634818,10888.8787812004,10849.4355370404,10729.0882801111,10701.5829380189,10674.1334439048,10646.739700297,10540.2285836042,10511.9983566187,10483.8280901091,10455.7176746005,10336.2782578296,10307.2745460587,10278.3355339292,10249.4610973627,10220.651112491,10086.9230945778,10061.3446881733,10039.092775213
14017.7652521321,13875.500076875,13754.8231358621,13626.1922958747,13497.1075619237,13394.1631756932,13283.7201429163,13220.3450804108,13101.2522012845,12974.0822535942,12909.1104257867,12772.6160158431,12627.6206539326,12571.2370341163,12446.6500272208,12390.5141134869,12255.9298247764,12198.9384620732,12084.9438869286,12042.6217918039,11934.0343017568,11890.8982349926,11772.2424349521,11728.2201342629,11684.3341970269,11554.2567013479,11509.4314184555,11464.7503321752,11329.21568983,11293.0667023806,11257.0158658614,11135.6688214112,11098.7194906862,11061.8745476638,11025.1337171726,10890.5185534551,10852.8329389877,10825.0309611885,10799.8841749909,10702.4395943245,10676.5146147256,10650.6388903164,10624.8123409494,10514.3656538306,10487.6920761891,10461.0716699595,10434.5043443559,10407.9900087276,10283.1368733981,10255.7233655033
14166.8791674831,14032.6787731855,13899.5225412457,13780.2805226666,13652.8638780464,13534.7560214564,13475.3325814648,13372.9423831703,13262.7445286646,13144.4884291879,13082.8606815323,12955.3250339978,12892.9500436683,12755.7897232733,12625.1920348707,12572.1803591974,12446.9117764578,12393.0714235447,12257.5006892016,12207.3408901192,12108.0790173962,12067.7169317021,12027.4655351459,11917.1940396811,11876.1053119485,11835.133104766,11713.3817517381,11671.5066502843,11629.7547490635,11496.1438640039,11453.4362703333,11411.5610298352,11300.212543414,11265.9169897253,11231.7097548216,11197.5906263889,11071.8918752566,11036.8656029292,11001.9333978674,10967.0950237444,10859.5405037395,10835.8303163304,10812.1602834965,10788.5303472264,10687.5760241562,10663.1570173052,10638.7813258934,10614.4488843611,10590.1596272361,10565.9134891328
14310.4089658742,14184.9151876523,14052.1036989558,13927.6475408576,13856.2605133689,13737.6496742135,13611.9897750566,13518.7926551549,13417.5761640578,13360.0522984068,13249.9861718717,13131.5582169867,13072.4810732918,12944.4598594332,12884.5944983992,12746.6449817252,12695.8176628883,12579.9703915818,12529.3923706504,12402.2934937886,12350.8601684347,12236.4446088565,12198.8667636806,12161.3832543331,12059.8565262794,12021.5961318583,11909.5175954086,11870.3969856735,11831.3813470861,11707.4208200921,11667.478693587,11627.6479803884,11587.9284104899,11459.9019961875,11428.1503120975,11396.4729507981,11282.1824053107,11249.6582336295,11217.2134130926,11184.8477624657,11152.5611009007,11022.3676176155,10989.1643173432,10967.4876956133,10945.9562509191,10854.986991079,10832.7357359222,10810.5194626839,10788.3381246343,10766.1916750977
14480.5315051628,14370.4751290316,14253.1135384291,14128.4031402307,14000.2636451351,13891.0034556588,13773.6495210451,13657.3129009726,13603.5080829755,13511.0045466564,13410.1434442282,13355.1445919557,13245.0994277162,13126.3853511331,13069.775364654,12941.1507992622,12883.7130129968,12758.3096974912,12710.7001995771,12594.2968109883,12545.891819207,12497.6463981715,12368.5809389414,12326.7251461873,12235.0938914564,12199.4646322326,12163.9195396761,12060.8765140861,12024.5326612665,11988.2775811485,11873.298275331,11836.166112886,11799.1281054117,11671.7859811228,11633.8046144179,11595.9235832108,11558.142657878,11451.8463212344,11421.812815413,11391.845679078,11361.9447748751,11332.1099657164,11212.8959218704,11182.2092627288,11151.5934763743,11121.0484090942,11090.573907489,10995.4682817873,10975.3145003322,10955.1887052013
14703.4492264903,14605.7523862454,14499.8276009793,14386.2882375059,14265.0949517109,14140.9742055669,14035.1480999131,13971.5916881636,13856.5408953189,13757.0932096607,13667.68771194,13617.8317709242,13518.957773454,13468.4572680502,13359.9296642045,13308.6845425786,13190.0623156451,13137.9832736394,13008.8898476153,12955.899065123,12846.0670028413,12802.5488406608,12685.7207961589,12641.3373425523,12597.0864185354,12477.1700820352,12445.7894916874,12414.4719881996,12321.9955497284,12289.921167972,12257.9134194965,12153.3205138804,12120.4630320902,12087.6764320094,11970.4484913699,11936.7303249126,11903.0880216096,11869.5214344731,11738.1645534597,11704.6373914012,11678.4356150384,11652.2829156377,11626.1792067887,11518.8400117651,11491.9280065263,11465.0688002771,11438.2622953131,11411.5083940992,11287.6050116618,11259.959159843
14820.1969150168,14731.9132432652,14636.1826355554,14531.9707288838,14419.9235499031,14300.0115113109,14229.2857389695,14122.3850489833,14017.1372785803,13903.1353048071,13843.3763714182,13764.3004833721,13675.3438732182,13627.8480793815,13529.057482075,13480.8846850611,13372.0966094002,13323.1457539243,13203.9262095576,13154.1069099032,13024.0878130871,12980.7091033437,12940.1166202946,12833.4969353666,12792.1214906119,12673.4461019846,12631.1822894057,12589.0384283401,12494.6916176769,12465.1005754153,12435.5650291251,12406.0848895216,12311.3994153177,12281.1469521247,12250.9532643941,12143.5972614495,12112.5379736408,12081.5415032288,12050.6077411796,11929.0755848362,11897.1988452606,11865.3895488727,11833.6475732033,11801.972795978,11695.217317173,11670.6140720391,11646.0540494429,11621.5371777157,11597.0633852993,11485.1321975489
14930.3887047626,14850.6529195443,14764.5033611899,14670.6708191788,14568.1017915141,14501.6150509589,14390.2494666297,14270.6899808048,14170.0225674618,14112.375257101,14007.5959371278,13901.020643093,13856.952085121,13778.647214199,13734.1483551314,13644.8378505312,13546.0323545324,13500.1171259838,13454.3306705356,13344.2408278318,13297.6501441917,13176.6902278277,13129.2047367693,13015.7240147123,12977.1185937625,12938.6100506322,12830.5064661035,12791.1929567284,12751.9815389242,12630.3200376388,12602.2902203912,12575.1545569826,12491.9678260791,12464.1526003285,12436.3859226976,12408.6677207604,12311.6489456626,12283.1431116354,12254.6889461587,12226.286369158,12115.1015803098,12085.8214255374,12056.59668786,12027.4272775823,11998.3131051352,11871.3119377979,11841.3276687269,11818.9517707769,11796.6109321086,11774.3051008575
15040.2261279563,14972.4377396585,14900.3302433768,14822.7102970577,14738.3236410711,14645.8567466874,14544.2280051607,14434.1844080336,14315.7310741013,14260.6670525475,14165.6333154625,14061.9706702995,14006.1669109884,13919.223634753,13877.4191351284,13799.7978519763,13757.5355731137,13668.4713829944,13625.5958202032,13525.8304059392,13482.2219006251,13371.6508077338,13327.2068798937,13282.8842499777,13160.0480054544,13116.1699503893,13080.3862663565,12982.7940620669,12946.2931825533,12909.878831256,12799.2597146176,12762.0241512527,12724.8801144998,12635.661246565,12610.2040404177,12584.7866868738,12559.409132846,12473.6592534222,12447.5903942643,12421.5637710302,12395.5793254559,12295.2582265881,12268.4740374206,12241.7350382449,12215.0411641139,12188.3923501606,12072.29549983,12044.7603428291,12017.2738584112,11989.8359732726
15228.2337180339,15168.7871744078,15105.9760424297,15038.6438322647,14965.5588800149,14885.4275118785,14796.8956362414,14698.8499272358,14640.1574164846,14532.554928206,14423.3945592945,14373.5312225693,14280.9830627884,14230.5916764846,14128.1727507509,14050.3558669279,14012.7183382255,13937.4003042421,13899.2488646704,13861.1824077134,13773.0986753684,13734.3618866617,13634.941529074,13595.4111350634,13484.5758873398,13444.1457014977,13403.8136958605,13280.4493922323,13248.2491821484,13216.1142572175,13118.4432404866,13085.539248719,13052.7045040747,13019.9388706937,12907.6171826251,12873.978931348,12840.4144294668,12815.6773834998,12744.54974252,12722.2523792521,12699.9846172112,12677.7464232331,12590.239508294,12567.2754228065,12544.3430692702,12521.4424106422,12498.5734099163,12394.6797443034,12370.9751496244,12347.3048976293
15340.2388723898,15264.4620756926,15207.5762770924,15147.1999935559,15082.1477868645,15011.1587539616,14932.9100060856,14877.9594750105,14790.5312647115,14693.1530988675,14637.1370821734,14529.8158010135,14434.140304066,14386.7063807493,14294.6156419906,14246.6229750054,14147.1994346813,14112.1067834525,14047.7009345448,14012.2279134871,13936.7616552443,13900.7543401623,13812.6682349004,13775.9658729647,13739.3420379777,13638.6341674476,13601.1947480906,13563.837941366,13450.2325304856,13411.9583250517,13373.7716219907,13272.8449241928,13242.5557230952,13212.3241354853,13182.1500592483,13081.3776721387,13050.4238896625,13019.5313831434,12988.7000390933,12887.3747162468,12867.1884995631,12847.0259740324,12826.8871163308,12753.7725545671,12733.0450724772,12712.342805136,12691.6657267734,12671.0138116418,12579.8307340093,12558.4438271646
15450.7465990617,15372.2877775761,15304.2902882076,15249.9079611707,15191.9092759219,15129.0794150587,15077.2590313656,15008.0621801672,14931.2433668239,14845.3720664643,14792.5139025422,14695.6981382439,14642.2755307195,14535.1266603131,14452.1107140166,14407.0336447883,14315.3054862549,14269.640454951,14185.0249303102,14151.9753607927,14118.9876347518,14054.9080697623,14021.5213178104,13945.8032873671,13911.8628492123,13877.9884955818,13788.2490143132,13753.6625866907,13719.1453929335,13616.1263265401,13580.7762281335,13545.4992536654,13428.9787777591,13392.9399424332,13365.1696789067,13337.4470276577,13248.1265206359,13219.720832539,13191.3657533872,13163.0611988394,13059.0507858622,13029.9555835555,13000.9144784434,12971.9273760502,12905.4929395207,12886.8272327671,12868.1814506694,12849.5555754739,12830.9495894403,12812.3634748425
15563.6639513997,15484.5228352954,15408.4062935734,15347.5420288545,15298.2903666625,15246.4217685809,15190.721561341,15129.9243351716,15062.6894323173,15013.2214006898,14937.7380476458,14852.7889312453,14802.4792457803,14706.1234976223,14655.2156818591,14558.4475747944,14516.2564177718,14434.1665485999,14391.4837588737,14299.3029564996,14256.00873571,14197.2521717703,14166.2406286756,14135.2829751738,14071.4349491513,14040.0607067973,13963.9896370595,13932.0432357112,13900.1547585375,13809.4230935261,13776.8028153818,13744.2434588272,13711.7449264177,13606.2775851114,13572.92899586,13539.644926526,13506.425270172,13407.4239440525,13381.4267776002,13355.4711635115,13329.5570396985,13237.6079957526,13211.0000164561,13184.4363644645,13157.9169704092,13131.4417650218,13028.5702045506,13011.8084681952,12995.0623890619,12978.3319550316
15670.6845566466,15599.2171089598,15532.9700975355,15463.2403191348,15394.3279768695,15347.2599002647,15297.768953636,15244.3198081234,15197.6747890112,15138.8237646524,15073.2167952613,15026.2677095629,14952.0285549471,14867.9061985098,14820.0688287474,14724.0732332726,14675.6056405902,14589.2769488669,14549.3214537311,14467.7599803036,14427.2873569141,14386.9097977084,14299.8645261242,14271.1125521687,14218.4999294624,14189.4547949551,14160.4563806083,14096.7476601067,14067.3161098623,14037.9328588801,13960.7714969469,13930.8007149799,13900.8804047613,13871.010493793,13777.5798001761,13746.9648824586,13716.4031947754,13608.3505463285,13576.921792556,13545.549772103,13514.234397535,13487.7740439345,13407.7432460586,13383.4860686438,13359.2649674694,13335.0798921482,13310.9307923586,13215.4819940602,13190.630844766,13165.8183459053
15872.1844623599,15804.0247278125,15735.2861637995,15673.9353909073,15608.9397105042,15539.4801162013,15496.0318211395,15454.0398656635,15409.1445459864,15360.037280564,15305.3600266884,15263.2470437212,15201.256032899,15158.9306489644,15087.8286341639,15045.1432660005,14963.0208394521,14919.8120542392,14825.0423542397,14781.1395474215,14705.1237640281,14669.3779501411,14589.2587330399,14552.945532002,14516.7076970613,14437.6004516587,14412.5074925894,14387.4481606354,14336.638418344,14311.2558328243,14285.9078424631,14223.2102159029,14197.3958563687,14171.6175108292,14094.560483955,14068.1574895396,14041.7924543168,14015.4653320927,13921.1203881896,13894.0062929875,13866.9326466513,13839.8993980594,13812.9064961471,13701.164716475,13673.3754512221,13652.8417346318,13632.3330940052,13611.8495004484,13529.9944221938,13508.8882326605
15970.5225929229,15908.4524521683,15842.8898842485,15779.2743139606,15720.2823538082,15657.5249671157,15606.3573338384,15551.4703691643,15511.4761160711,15468.7996544182,15429.2195062272,15382.1272569928,15329.1929855527,15289.4308756921,15228.8452261984,15188.8468517909,15118.7590984092,15078.37590007,14996.8236058375,14955.8908754639,14861.2111348715,14821.1245799429,14787.964149922,14717.9452837499,14684.3221772125,14603.8406415918,14569.6315666038,14535.4890622403,14475.1023282772,14451.8081786165,14428.5425578272,14405.3054365669,14354.5704950821,14330.9985954788,14307.4561058103,14244.1415563954,14220.1203600175,14196.1299038598,14172.1701548067,14093.0451627262,14068.4492479369,14043.8858597393,14019.3549618776,13994.8565181306,13896.5977605838,13871.302417704,13846.041898876,13820.8161636481,13795.6251716099,13700.8206372452
16065.2615103999,16008.0347427283,15948.6324532283,15885.607257119,15826.6355845356,15778.201282576,15721.4396281437,15660.7111232763,15609.0951536313,15571.6862011913,15534.0100187375,15493.5044535205,15456.238296372,15411.086505654,15373.8062746269,15322.3382323609,15263.0789239468,15225.340168456,15187.676897816,15118.037411858,15079.9680524941,14998.2473372545,14959.6065524165,14872.3261434448,14841.1774984718,14810.0823769565,14740.0847911049,14708.5100225107,14676.9909853562,14595.3838681054,14563.2639749723,14537.9983375803,14498.2481171242,14476.7139002678,14455.2036780545,14433.7174281465,14382.9653256058,14361.1335191133,14339.3265363851,14317.5443538092,14252.9974361479,14230.7260584238,14208.4807206771,14186.2613973976,14164.0680630975,14082.0765411858,14059.2373984427,14036.4259381581,14013.6421321758,13990.8859523656
16158.26478465,16103.8647971145,16049.6192928521,15995.2390137299,15938.5313929873,15882.5250523562,15831.2381798864,15776.70593823,15718.0852760609,15672.0009145884,15633.8158449484,15598.3305775496,15563.2508944193,15524.8447937959,15489.8236980785,15446.5403028649,15411.4860128365,15361.5992844829,15326.399268447,15268.0453622191,15232.5675124809,15163.7668831827,15127.8609707717,15092.0231196427,15010.0237378715,14973.5936133365,14937.2341150811,14870.159381846,14841.0579447703,14812.0030050597,14741.3879602001,14711.8394671005,14682.339573407,14609.9062414262,14590.2711094669,14570.6554959173,14551.0593846711,14511.571679692,14491.7484660143,14471.9452482396,14452.1620096072,14400.9274172232,14380.7893416692,14360.6720360225,14340.5754824553,14320.4996631527,14254.0888098416,14233.5148294327,14212.9627322536,14192.432498897
16339.6274862384,16290.2534996055,16241.0040523646,16191.8788718674,16142.5783407748,16090.8320833902,16035.071303198,15987.0781336627,15945.9486925819,15895.7089354456,15841.1366389972,15799.7908870662,15763.9885906928,15733.0977040982,15701.8791453388,15667.5102079538,15636.6857086745,15597.1614546384,15566.2695627992,15535.425959122,15488.718305832,15457.6931937931,15401.9587598212,15370.6174109093,15303.7813381705,15271.9701945458,15240.2109918496,15159.3958562932,15126.9983193934,15094.6550617209,15028.8304401637,15003.4094137173,14978.023214608,14952.6717985484,14882.7277554866,14856.8489104004,14831.0067543848,14805.2012388807,14745.4860119518,14729.0206477118,14712.5684095567,14696.1292889032,14658.1825336051,14641.4988200228,14624.8286466798,14608.1720045483,14591.5288846051,14540.5831566805,14523.5654019627,14506.5618430325
16427.8723016287,16380.9653938024,16334.1696339735,16287.4847940844,16240.9106464837,16194.1385689817,16144.8314431039,16098.5109399652,16051.8533703372,16007.2307068683,15968.5067181304,15920.2078517779,15867.3708293034,15831.6108438604,15802.7640904379,15773.9584707651,15744.8013000292,15716.0702740692,15683.5845463838,15654.8656854849,15616.8978394413,15588.097424074,15542.7695774322,15513.7722563108,15484.8170999415,15429.7366836937,15400.4498729752,15371.2063164979,15303.9293876229,15274.2013289962,15244.5181302194,15162.4385156076,15133.9484751425,15110.7903522746,15087.6606035901,15028.6310108265,15005.0805680382,14981.5598935701,14958.0689523275,14886.6384720991,14862.6101087735,14838.6132725093,14814.6479244903,14781.4536926542,14766.5161208218,14751.589104764,14736.6726384015,14721.7667156578,14706.87133046,14668.4213271891
16514.416516574,16469.9427906776,16425.5678291071,16381.2914424248,16337.113441508,16293.0336375494,16249.0518420564,16204.8427959898,16157.9469563889,16113.3728431347,16076.9774317554,16034.4031919211,15998.0124698228,15951.5782156769,15900.6343024776,15873.7786617368,15846.9581082421,15820.1726033742,15793.0122083303,15766.2891160508,15739.6009763392,15708.9202221176,15682.231811498,15645.7400254792,15618.9572196502,15592.2097726887,15547.7017004945,15520.74457216,15493.8234313453,15438.9268127343,15411.6607521538,15384.4317096188,15316.6025001776,15288.8749794379,15261.1859889283,15233.5354834356,15166.3546635135,15144.9754684952,15123.6202983561,15102.2891279404,15042.3827831108,15020.6217227592,14998.8859706886,14977.1754992979,14904.140185364,14881.8825062681,14868.0267119104,14854.6944819711,14841.3704327612,14828.0545602224
16599.2032346175,16557.126321164,16515.1367599112,16473.2343946653,16431.4190694747,16389.6906286306,16348.0489166649,16306.4937783522,16264.6907042528,16223.3006946326,16180.5223411582,16142.9155038674,16108.8014089061,16068.2018516267,16034.0746799072,15989.4309093251,15955.2211507345,15921.0282676318,15896.1693395358,15871.3400484677,15846.5403648107,15821.3352950396,15796.5871390283,15771.8685197322,15742.9175465116,15718.1875297561,15683.0942310768,15658.2582028197,15633.4521141652,15589.9213318905,15564.8931989256,15539.8956031489,15514.928513308,15460.1149125363,15434.7905027555,15409.4975682787,15384.2360762592,15315.202164679,15289.4303431715,15263.6913797581,15238.5804724379,15188.8694998545,15169.2197128481,15149.5901149036,15129.9806865838,15110.3914084684,15049.0405633336,15029.0137838025,15009.0083766348,14989.0243203152
16763.2785324864,16725.8762386426,16688.5412365862,16651.2734227001,16614.0726935053,16576.9389456604,16539.8720759623,16502.8719813459,16465.938558883,16429.0717057828,16391.9181226759,16355.1764362445,16315.0639278685,16280.3610246467,16250.5160173793,16213.8290906605,16183.9394092639,16142.9803739329,16112.9750770985,16071.4500192821,16050.282935235,16029.136528929,16008.0107836149,15986.9056825559,15965.358425797,15944.2868427909,15923.2358690021,15897.6814115266,15876.6000173965,15855.5393184699,15823.3133973281,15802.1261877918,15780.9599485485,15759.8146623831,15718.269263171,15696.8797095396,15675.5116369475,15622.1855091588,15600.4341927369,15578.7052053932,15556.9985280652,15535.3141417053,15466.3023809622,15444.0789367135,15421.8790171137,15400.9367506465,15384.8264933913,15335.5707963594,15319.1055810637,15302.6543692626
